{
    "name": "root",
    "gauges": {
        "Crawler.Policy.Entropy.mean": {
            "value": 1.200859546661377,
            "min": 1.200859546661377,
            "max": 1.4190480709075928,
            "count": 333
        },
        "Crawler.Policy.Entropy.sum": {
            "value": 36025.78515625,
            "min": 34573.05078125,
            "max": 44584.6015625,
            "count": 333
        },
        "Crawler.Environment.EpisodeLength.mean": {
            "value": 999.0,
            "min": 6.239623552123552,
            "max": 999.0,
            "count": 333
        },
        "Crawler.Environment.EpisodeLength.sum": {
            "value": 29970.0,
            "min": 25857.0,
            "max": 30915.0,
            "count": 333
        },
        "Crawler.Step.mean": {
            "value": 9989233.0,
            "min": 29993.0,
            "max": 9989233.0,
            "count": 333
        },
        "Crawler.Step.sum": {
            "value": 9989233.0,
            "min": 29993.0,
            "max": 9989233.0,
            "count": 333
        },
        "Crawler.Policy.ExtrinsicValueEstimate.mean": {
            "value": 653.6381225585938,
            "min": -0.9781932234764099,
            "max": 697.7183837890625,
            "count": 333
        },
        "Crawler.Policy.ExtrinsicValueEstimate.sum": {
            "value": 19609.14453125,
            "min": -3973.4208984375,
            "max": 20953.51171875,
            "count": 333
        },
        "Crawler.Environment.CumulativeReward.mean": {
            "value": 3240.730114746094,
            "min": -0.9980180931356026,
            "max": 3429.3122517903644,
            "count": 333
        },
        "Crawler.Environment.CumulativeReward.sum": {
            "value": 97221.90344238281,
            "min": -4134.788959860802,
            "max": 102879.36755371094,
            "count": 333
        },
        "Crawler.Policy.ExtrinsicReward.mean": {
            "value": 3240.730114746094,
            "min": -0.9980180931356026,
            "max": 3429.3122517903644,
            "count": 333
        },
        "Crawler.Policy.ExtrinsicReward.sum": {
            "value": 97221.90344238281,
            "min": -4134.788959860802,
            "max": 102879.36755371094,
            "count": 333
        },
        "Crawler.Losses.PolicyLoss.mean": {
            "value": 0.01905133423958129,
            "min": 0.010491037241687687,
            "max": 0.02286298122877876,
            "count": 333
        },
        "Crawler.Losses.PolicyLoss.sum": {
            "value": 0.03810266847916258,
            "min": 0.010491037241687687,
            "max": 0.04177705319646824,
            "count": 333
        },
        "Crawler.Losses.ValueLoss.mean": {
            "value": 263.26786613464355,
            "min": 0.005796756960141163,
            "max": 575.620859781901,
            "count": 333
        },
        "Crawler.Losses.ValueLoss.sum": {
            "value": 526.5357322692871,
            "min": 0.008074720879085362,
            "max": 873.815116373698,
            "count": 333
        },
        "Crawler.Policy.LearningRate.mean": {
            "value": 8.781097073300016e-07,
            "min": 8.781097073300016e-07,
            "max": 0.00029938545020484996,
            "count": 333
        },
        "Crawler.Policy.LearningRate.sum": {
            "value": 1.7562194146600031e-06,
            "min": 1.7562194146600031e-06,
            "max": 0.0005956987214337599,
            "count": 333
        },
        "Crawler.Policy.Epsilon.mean": {
            "value": 0.10029267,
            "min": 0.10029267,
            "max": 0.19979514999999998,
            "count": 333
        },
        "Crawler.Policy.Epsilon.sum": {
            "value": 0.20058534,
            "min": 0.10060724999999998,
            "max": 0.39856624,
            "count": 333
        },
        "Crawler.Policy.Beta.mean": {
            "value": 2.4604233000000028e-05,
            "min": 2.4604233000000028e-05,
            "max": 0.004989777985,
            "count": 333
        },
        "Crawler.Policy.Beta.sum": {
            "value": 4.9208466000000056e-05,
            "min": 4.030177500000017e-05,
            "max": 0.009928455375999998,
            "count": 333
        },
        "Crawler.IsTraining.mean": {
            "value": 1.0,
            "min": 1.0,
            "max": 1.0,
            "count": 333
        },
        "Crawler.IsTraining.sum": {
            "value": 1.0,
            "min": 1.0,
            "max": 1.0,
            "count": 333
        }
    },
    "metadata": {
        "timer_format_version": "0.1.0",
        "start_time_seconds": "1651415521",
        "python_version": "3.6.13 |Anaconda, Inc.| (default, Mar 16 2021, 11:37:27) [MSC v.1916 64 bit (AMD64)]",
        "command_line_arguments": "C:\\Users\\Lab716A\\anaconda3\\envs\\artificial-intelligence\\Scripts\\mlagents-learn config/ppo/Crawler.yaml --run-id=Crawler-ppo",
        "mlagents_version": "0.28.0",
        "mlagents_envs_version": "0.28.0",
        "communication_protocol_version": "1.5.0",
        "pytorch_version": "1.7.1+cu110",
        "numpy_version": "1.19.5",
        "end_time_seconds": "1651426581"
    },
    "total": 11060.1019623,
    "count": 1,
    "self": 0.017106400000557187,
    "children": {
        "run_training.setup": {
            "total": 0.1547548,
            "count": 1,
            "self": 0.1547548
        },
        "TrainerController.start_learning": {
            "total": 11059.930101099999,
            "count": 1,
            "self": 16.050056898742696,
            "children": {
                "TrainerController._reset_env": {
                    "total": 6.5135089,
                    "count": 1,
                    "self": 6.5135089
                },
                "TrainerController.advance": {
                    "total": 11037.251471501257,
                    "count": 1028690,
                    "self": 15.938438101775319,
                    "children": {
                        "env_step": {
                            "total": 8483.008799699945,
                            "count": 1028690,
                            "self": 7012.910223999001,
                            "children": {
                                "SubprocessEnvManager._take_step": {
                                    "total": 1459.969587200676,
                                    "count": 1028690,
                                    "self": 48.041354601148214,
                                    "children": {
                                        "TorchPolicy.evaluate": {
                                            "total": 1411.9282325995277,
                                            "count": 1000488,
                                            "self": 522.4681943995575,
                                            "children": {
                                                "TorchPolicy.sample_actions": {
                                                    "total": 889.4600381999702,
                                                    "count": 1000488,
                                                    "self": 889.4600381999702
                                                }
                                            }
                                        }
                                    }
                                },
                                "workers": {
                                    "total": 10.12898850026826,
                                    "count": 1028690,
                                    "self": 0.0,
                                    "children": {
                                        "worker_root": {
                                            "total": 11033.324616899792,
                                            "count": 1028690,
                                            "is_parallel": true,